{"version":"1.4.0","project":{"name":"scala_d5c0a6989e","directory":"/media/hv/D1/OOO_Processor/Mid_Evaluation/FYP-18-OoO-RISCV-main-mewan/src/main/scala/.scala-build","workspaceDir":"/media/hv/D1/OOO_Processor/Mid_Evaluation/FYP-18-OoO-RISCV-main-mewan/src/main/scala","sources":["/media/hv/D1/OOO_Processor/Mid_Evaluation/FYP-18-OoO-RISCV-main-mewan/src/main/scala/bootROM.scala","/media/hv/D1/OOO_Processor/Mid_Evaluation/FYP-18-OoO-RISCV-main-mewan/src/main/scala/cache/ICache.scala","/media/hv/D1/OOO_Processor/Mid_Evaluation/FYP-18-OoO-RISCV-main-mewan/src/main/scala/cache/memAccess.scala","/media/hv/D1/OOO_Processor/Mid_Evaluation/FYP-18-OoO-RISCV-main-mewan/src/main/scala/cache/missHandler.scala","/media/hv/D1/OOO_Processor/Mid_Evaluation/FYP-18-OoO-RISCV-main-mewan/src/main/scala/cache/peripheralHandler.scala","/media/hv/D1/OOO_Processor/Mid_Evaluation/FYP-18-OoO-RISCV-main-mewan/src/main/scala/cache/scheduler.scala","/media/hv/D1/OOO_Processor/Mid_Evaluation/FYP-18-OoO-RISCV-main-mewan/src/main/scala/cache/writeHandler.scala","/media/hv/D1/OOO_Processor/Mid_Evaluation/FYP-18-OoO-RISCV-main-mewan/src/main/scala/cache/writeToReadNoLatencyBRAM.scala","/media/hv/D1/OOO_Processor/Mid_Evaluation/FYP-18-OoO-RISCV-main-mewan/src/main/scala/cache_phase2/ACEUnit.scala","/media/hv/D1/OOO_Processor/Mid_Evaluation/FYP-18-OoO-RISCV-main-mewan/src/main/scala/cache_phase2/AXIUnit.scala","/media/hv/D1/OOO_Processor/Mid_Evaluation/FYP-18-OoO-RISCV-main-mewan/src/main/scala/cache_phase2/CacheModule.scala","/media/hv/D1/OOO_Processor/Mid_Evaluation/FYP-18-OoO-RISCV-main-mewan/src/main/scala/cache_phase2/branchFifo.scala","/media/hv/D1/OOO_Processor/Mid_Evaluation/FYP-18-OoO-RISCV-main-mewan/src/main/scala/cache_phase2/cacheLookup.scala","/media/hv/D1/OOO_Processor/Mid_Evaluation/FYP-18-OoO-RISCV-main-mewan/src/main/scala/cache_phase2/commitFifo.scala","/media/hv/D1/OOO_Processor/Mid_Evaluation/FYP-18-OoO-RISCV-main-mewan/src/main/scala/cache_phase2/constants.scala","/media/hv/D1/OOO_Processor/Mid_Evaluation/FYP-18-OoO-RISCV-main-mewan/src/main/scala/cache_phase2/ports.scala","/media/hv/D1/OOO_Processor/Mid_Evaluation/FYP-18-OoO-RISCV-main-mewan/src/main/scala/cache_phase2/scheduler.scala","/media/hv/D1/OOO_Processor/Mid_Evaluation/FYP-18-OoO-RISCV-main-mewan/src/main/scala/cache_phase2/utils.scala","/media/hv/D1/OOO_Processor/Mid_Evaluation/FYP-18-OoO-RISCV-main-mewan/src/main/scala/cache_phase2/writeDataInFifo.scala","/media/hv/D1/OOO_Processor/Mid_Evaluation/FYP-18-OoO-RISCV-main-mewan/src/main/scala/common/configuration.scala","/media/hv/D1/OOO_Processor/Mid_Evaluation/FYP-18-OoO-RISCV-main-mewan/src/main/scala/common/ports.scala","/media/hv/D1/OOO_Processor/Mid_Evaluation/FYP-18-OoO-RISCV-main-mewan/src/main/scala/constantLatencyModule/ramAccessModule.scala","/media/hv/D1/OOO_Processor/Mid_Evaluation/FYP-18-OoO-RISCV-main-mewan/src/main/scala/constantLatencyModule/virtualPeripheral.scala","/media/hv/D1/OOO_Processor/Mid_Evaluation/FYP-18-OoO-RISCV-main-mewan/src/main/scala/core.scala","/media/hv/D1/OOO_Processor/Mid_Evaluation/FYP-18-OoO-RISCV-main-mewan/src/main/scala/coreTestbench.scala","/media/hv/D1/OOO_Processor/Mid_Evaluation/FYP-18-OoO-RISCV-main-mewan/src/main/scala/decode/constants.scala","/media/hv/D1/OOO_Processor/Mid_Evaluation/FYP-18-OoO-RISCV-main-mewan/src/main/scala/decode/decode.scala","/media/hv/D1/OOO_Processor/Mid_Evaluation/FYP-18-OoO-RISCV-main-mewan/src/main/scala/decode/utils.scala","/media/hv/D1/OOO_Processor/Mid_Evaluation/FYP-18-OoO-RISCV-main-mewan/src/main/scala/fetch/fetch.scala","/media/hv/D1/OOO_Processor/Mid_Evaluation/FYP-18-OoO-RISCV-main-mewan/src/main/scala/fetch/ports.scala","/media/hv/D1/OOO_Processor/Mid_Evaluation/FYP-18-OoO-RISCV-main-mewan/src/main/scala/initial.scala","/media/hv/D1/OOO_Processor/Mid_Evaluation/FYP-18-OoO-RISCV-main-mewan/src/main/scala/prf/LVT_Mem.scala","/media/hv/D1/OOO_Processor/Mid_Evaluation/FYP-18-OoO-RISCV-main-mewan/src/main/scala/prf/LVT_set.scala","/media/hv/D1/OOO_Processor/Mid_Evaluation/FYP-18-OoO-RISCV-main-mewan/src/main/scala/prf/PRF.scala","/media/hv/D1/OOO_Processor/Mid_Evaluation/FYP-18-OoO-RISCV-main-mewan/src/main/scala/prf/SRAM_block.scala","/media/hv/D1/OOO_Processor/Mid_Evaluation/FYP-18-OoO-RISCV-main-mewan/src/main/scala/rob/Fifo.scala","/media/hv/D1/OOO_Processor/Mid_Evaluation/FYP-18-OoO-RISCV-main-mewan/src/main/scala/rob/ports.scala","/media/hv/D1/OOO_Processor/Mid_Evaluation/FYP-18-OoO-RISCV-main-mewan/src/main/scala/rob/rob.scala","/media/hv/D1/OOO_Processor/Mid_Evaluation/FYP-18-OoO-RISCV-main-mewan/src/main/scala/scheduler/scheduler.scala","/media/hv/D1/OOO_Processor/Mid_Evaluation/FYP-18-OoO-RISCV-main-mewan/src/main/scala/storeDataIssue/constants.scala","/media/hv/D1/OOO_Processor/Mid_Evaluation/FYP-18-OoO-RISCV-main-mewan/src/main/scala/storeDataIssue/storeDataIssue.scala","/media/hv/D1/OOO_Processor/Mid_Evaluation/FYP-18-OoO-RISCV-main-mewan/src/main/scala/testbench/mainMemory.scala","/media/hv/D1/OOO_Processor/Mid_Evaluation/FYP-18-OoO-RISCV-main-mewan/src/main/scala/testbench/system.scala","/media/hv/D1/OOO_Processor/Mid_Evaluation/FYP-18-OoO-RISCV-main-mewan/src/main/scala/testbench/uart.scala"],"dependencies":[],"classpath":["/home/hv/.cache/coursier/v1/https/repo1.maven.org/maven2/org/scala-lang/scala3-library_3/3.5.2/scala3-library_3-3.5.2.jar","/home/hv/.cache/coursier/v1/https/repo1.maven.org/maven2/org/scala-lang/scala-library/2.13.14/scala-library-2.13.14.jar","/home/hv/.cache/coursier/v1/https/repo1.maven.org/maven2/com/sourcegraph/semanticdb-javac/0.10.0/semanticdb-javac-0.10.0.jar"],"out":"/media/hv/D1/OOO_Processor/Mid_Evaluation/FYP-18-OoO-RISCV-main-mewan/src/main/scala/.scala-build/.bloop/scala_d5c0a6989e","classesDir":"/media/hv/D1/OOO_Processor/Mid_Evaluation/FYP-18-OoO-RISCV-main-mewan/src/main/scala/.scala-build/scala_d5c0a6989e/classes/main","scala":{"organization":"org.scala-lang","name":"scala-compiler","version":"3.5.2","options":["-Xsemanticdb","-sourceroot","/media/hv/D1/OOO_Processor/Mid_Evaluation/FYP-18-OoO-RISCV-main-mewan/src/main/scala"],"jars":["/home/hv/.cache/coursier/v1/https/repo1.maven.org/maven2/org/scala-lang/scala3-compiler_3/3.5.2/scala3-compiler_3-3.5.2.jar","/home/hv/.cache/coursier/v1/https/repo1.maven.org/maven2/org/scala-lang/scala3-interfaces/3.5.2/scala3-interfaces-3.5.2.jar","/home/hv/.cache/coursier/v1/https/repo1.maven.org/maven2/org/scala-lang/scala3-library_3/3.5.2/scala3-library_3-3.5.2.jar","/home/hv/.cache/coursier/v1/https/repo1.maven.org/maven2/org/scala-lang/tasty-core_3/3.5.2/tasty-core_3-3.5.2.jar","/home/hv/.cache/coursier/v1/https/repo1.maven.org/maven2/org/scala-lang/modules/scala-asm/9.7.0-scala-2/scala-asm-9.7.0-scala-2.jar","/home/hv/.cache/coursier/v1/https/repo1.maven.org/maven2/org/scala-sbt/compiler-interface/1.9.6/compiler-interface-1.9.6.jar","/home/hv/.cache/coursier/v1/https/repo1.maven.org/maven2/org/jline/jline-reader/3.25.1/jline-reader-3.25.1.jar","/home/hv/.cache/coursier/v1/https/repo1.maven.org/maven2/org/jline/jline-terminal/3.25.1/jline-terminal-3.25.1.jar","/home/hv/.cache/coursier/v1/https/repo1.maven.org/maven2/org/jline/jline-terminal-jna/3.25.1/jline-terminal-jna-3.25.1.jar","/home/hv/.cache/coursier/v1/https/repo1.maven.org/maven2/org/scala-lang/scala-library/2.13.14/scala-library-2.13.14.jar","/home/hv/.cache/coursier/v1/https/repo1.maven.org/maven2/org/scala-sbt/util-interface/1.9.8/util-interface-1.9.8.jar","/home/hv/.cache/coursier/v1/https/repo1.maven.org/maven2/org/jline/jline-native/3.25.1/jline-native-3.25.1.jar","/home/hv/.cache/coursier/v1/https/repo1.maven.org/maven2/net/java/dev/jna/jna/5.14.0/jna-5.14.0.jar"],"bridgeJars":["/home/hv/.cache/coursier/v1/https/repo1.maven.org/maven2/org/scala-lang/scala3-sbt-bridge/3.5.2/scala3-sbt-bridge-3.5.2.jar"]},"java":{"options":["-Xplugin:semanticdb -sourceroot:/media/hv/D1/OOO_Processor/Mid_Evaluation/FYP-18-OoO-RISCV-main-mewan/src/main/scala -targetroot:javac-classes-directory","-J--add-exports","-Jjdk.compiler/com.sun.tools.javac.api=ALL-UNNAMED","-J--add-exports","-Jjdk.compiler/com.sun.tools.javac.code=ALL-UNNAMED","-J--add-exports","-Jjdk.compiler/com.sun.tools.javac.model=ALL-UNNAMED","-J--add-exports","-Jjdk.compiler/com.sun.tools.javac.tree=ALL-UNNAMED","-J--add-exports","-Jjdk.compiler/com.sun.tools.javac.util=ALL-UNNAMED"]},"platform":{"name":"jvm","config":{"home":"/usr/lib/jvm/jdk-17-oracle-x64","options":[]},"mainClass":[]},"resolution":{"modules":[{"organization":"org.scala-lang","name":"scala3-library_3","version":"3.5.2","artifacts":[{"name":"scala3-library_3","path":"/home/hv/.cache/coursier/v1/https/repo1.maven.org/maven2/org/scala-lang/scala3-library_3/3.5.2/scala3-library_3-3.5.2.jar"},{"name":"scala3-library_3","classifier":"sources","path":"/home/hv/.cache/coursier/v1/https/repo1.maven.org/maven2/org/scala-lang/scala3-library_3/3.5.2/scala3-library_3-3.5.2-sources.jar"}]},{"organization":"org.scala-lang","name":"scala-library","version":"2.13.14","artifacts":[{"name":"scala-library","path":"/home/hv/.cache/coursier/v1/https/repo1.maven.org/maven2/org/scala-lang/scala-library/2.13.14/scala-library-2.13.14.jar"},{"name":"scala-library","classifier":"sources","path":"/home/hv/.cache/coursier/v1/https/repo1.maven.org/maven2/org/scala-lang/scala-library/2.13.14/scala-library-2.13.14-sources.jar"}]}]},"tags":["library"]}}